"spf_h0","spf_h1","spf_h2","spf_h3","spf_h4","ref_period","rgdp","target_quarter","target_year","origin_year","origin_month","origin_day","gdp_growth","origin_date","IQR_h0","IQR_h1","IQR_h2","IQR_h3","IQR_h4","EUP","spf_h0_fh","spf_h1_fh","spf_h2_fh","spf_h3_fh","spf_h4_fh"
NA,NA,NA,NA,NA,1991 Q1,1274000.74,1,1991,2001,1,NA,NA,2001-01-01,NA,NA,NA,NA,NA,NA,NA,NA,NA,NA,NA
NA,NA,NA,NA,NA,1991 Q2,1277869.9,2,1991,2001,1,NA,1.22035149289275,2001-01-01,NA,NA,NA,NA,NA,NA,NA,NA,NA,NA,NA
NA,NA,NA,NA,NA,1991 Q3,1278644.5,3,1991,2001,1,NA,0.242686548220705,2001-01-01,NA,NA,NA,NA,NA,NA,NA,NA,NA,NA,NA
NA,NA,NA,NA,NA,1991 Q4,1290938.94,4,1991,2001,1,NA,3.9019132783761,2001-01-01,NA,NA,NA,NA,NA,NA,NA,NA,NA,NA,NA
NA,NA,NA,NA,NA,1992 Q1,1308890.69,1,1992,2001,1,NA,5.67949033371342,2001-01-01,NA,NA,NA,NA,NA,NA,NA,NA,NA,NA,NA
NA,NA,NA,NA,NA,1992 Q2,1301769.84,2,1992,2001,1,NA,-2.15845385305231,2001-01-01,NA,NA,NA,NA,NA,NA,NA,NA,NA,NA,NA
NA,NA,NA,NA,NA,1992 Q3,1297559.46,3,1992,2001,1,NA,-1.28747712943088,2001-01-01,NA,NA,NA,NA,NA,NA,NA,NA,NA,NA,NA
NA,NA,NA,NA,NA,1992 Q4,1294663.18,4,1992,2001,1,NA,-0.889854327095996,2001-01-01,NA,NA,NA,NA,NA,NA,NA,NA,NA,NA,NA
NA,NA,NA,NA,NA,1993 Q1,1285610.07,1,1993,2001,1,NA,-2.76785324946042,2001-01-01,NA,NA,NA,NA,NA,NA,NA,NA,NA,NA,NA
NA,NA,NA,NA,NA,1993 Q2,1286601.89,2,1993,2001,1,NA,0.30894852636647,2001-01-01,NA,NA,NA,NA,NA,NA,NA,NA,NA,NA,NA
NA,NA,NA,NA,NA,1993 Q3,1290522.46,3,1993,2001,1,NA,1.22447410419595,2001-01-01,NA,NA,NA,NA,NA,NA,NA,NA,NA,NA,NA
NA,NA,NA,NA,NA,1993 Q4,1295304.16,4,1993,2001,1,NA,1.4903550775744,2001-01-01,NA,NA,NA,NA,NA,NA,NA,NA,NA,NA,NA
NA,NA,NA,NA,NA,1994 Q1,1308255.71,1,1994,2001,1,NA,4.05992642595303,2001-01-01,NA,NA,NA,NA,NA,NA,NA,NA,NA,NA,NA
NA,NA,NA,NA,NA,1994 Q2,1314991.71,2,1994,2001,1,NA,2.07549720979923,2001-01-01,NA,NA,NA,NA,NA,NA,NA,NA,NA,NA,NA
NA,NA,NA,NA,NA,1994 Q3,1323897.94,3,1994,2001,1,NA,2.73678377932585,2001-01-01,NA,NA,NA,NA,NA,NA,NA,NA,NA,NA,NA
NA,NA,NA,NA,NA,1994 Q4,1334926.22,4,1994,2001,1,NA,3.37393012264526,2001-01-01,NA,NA,NA,NA,NA,NA,NA,NA,NA,NA,NA
NA,NA,NA,NA,NA,1995 Q1,1342981.43,1,1995,2001,1,NA,2.43561441206268,2001-01-01,NA,NA,NA,NA,NA,NA,NA,NA,NA,NA,NA
NA,NA,NA,NA,NA,1995 Q2,1349979.41,2,1995,2001,1,NA,2.10065976966085,2001-01-01,NA,NA,NA,NA,NA,NA,NA,NA,NA,NA,NA
NA,NA,NA,NA,NA,1995 Q3,1351352.44,3,1995,2001,1,NA,0.40745099421633,2001-01-01,NA,NA,NA,NA,NA,NA,NA,NA,NA,NA,NA
NA,NA,NA,NA,NA,1995 Q4,1354461.02,4,1995,2001,1,NA,0.923318769291126,2001-01-01,NA,NA,NA,NA,NA,NA,NA,NA,NA,NA,NA
NA,NA,NA,NA,NA,1996 Q1,1357753.19,1,1996,2001,1,NA,0.975795507589483,2001-01-01,NA,NA,NA,NA,NA,NA,NA,NA,NA,NA,NA
NA,NA,NA,NA,NA,1996 Q2,1366456.13,2,1996,2001,1,NA,2.58868091543496,2001-01-01,NA,NA,NA,NA,NA,NA,NA,NA,NA,NA,NA
NA,NA,NA,NA,NA,1996 Q3,1374167.58,3,1996,2001,1,NA,2.27653823417493,2001-01-01,NA,NA,NA,NA,NA,NA,NA,NA,NA,NA,NA
NA,NA,NA,NA,NA,1996 Q4,1377069.96,4,1996,2001,1,NA,0.847520542300018,2001-01-01,NA,NA,NA,NA,NA,NA,NA,NA,NA,NA,NA
NA,NA,NA,NA,NA,1997 Q1,1379499.09,1,1997,2001,1,NA,0.707462962374183,2001-01-01,NA,NA,NA,NA,NA,NA,NA,NA,NA,NA,NA
NA,NA,NA,NA,NA,1997 Q2,1396320.05,2,1997,2001,1,NA,4.9673476350411,2001-01-01,NA,NA,NA,NA,NA,NA,NA,NA,NA,NA,NA
NA,NA,NA,NA,NA,1997 Q3,1406351.6,3,1997,2001,1,NA,2.90482768543348,2001-01-01,NA,NA,NA,NA,NA,NA,NA,NA,NA,NA,NA
NA,NA,NA,NA,NA,1997 Q4,1418122.85,4,1997,2001,1,NA,3.39029458423401,2001-01-01,NA,NA,NA,NA,NA,NA,NA,NA,NA,NA,NA
NA,NA,NA,NA,NA,1998 Q1,1430176.85,1,1998,2001,1,NA,3.44358337696575,2001-01-01,NA,NA,NA,NA,NA,NA,NA,NA,NA,NA,NA
NA,NA,NA,NA,NA,1998 Q2,1434989.86,2,1998,2001,1,NA,1.3529405317863,2001-01-01,NA,NA,NA,NA,NA,NA,NA,NA,NA,NA,NA
NA,NA,NA,NA,NA,1998 Q3,1442682.94,3,1998,2001,1,NA,2.1617340502966,2001-01-01,NA,NA,NA,NA,NA,NA,NA,NA,NA,NA,NA
NA,NA,NA,NA,NA,1998 Q4,1446576.63,4,1998,2001,1,NA,1.08394753321359,2001-01-01,NA,NA,NA,NA,NA,NA,NA,NA,NA,NA,NA
NA,NA,NA,NA,NA,1999 Q1,1457571.25,1,1999,2001,1,NA,3.07501228384053,2001-01-01,NA,NA,NA,NA,NA,NA,NA,NA,NA,NA,NA
NA,NA,NA,NA,NA,1999 Q2,1465946.44,2,1999,2001,1,NA,2.31828188277918,2001-01-01,NA,NA,NA,NA,NA,NA,NA,NA,NA,NA,NA
NA,NA,NA,NA,NA,1999 Q3,1480032.67,3,1999,2001,1,NA,3.89934161643468,2001-01-01,NA,NA,NA,NA,NA,NA,NA,NA,NA,NA,NA
NA,NA,NA,NA,NA,1999 Q4,1494355.87,4,1999,2001,1,NA,3.92760695631864,2001-01-01,NA,NA,NA,NA,NA,NA,NA,NA,NA,NA,NA
NA,NA,NA,NA,NA,2000 Q1,1508045.76,1,2000,2001,1,NA,3.71508896273649,2001-01-01,NA,NA,NA,NA,NA,NA,NA,NA,NA,NA,NA
NA,NA,NA,NA,NA,2000 Q2,1520455.29,2,2000,2001,1,NA,3.33240467802769,2001-01-01,NA,NA,NA,NA,NA,NA,NA,NA,NA,NA,NA
NA,NA,NA,NA,NA,2000 Q3,1530735.93,3,2000,2001,1,NA,2.73217648097268,2001-01-01,NA,NA,NA,NA,NA,NA,NA,NA,NA,NA,NA
NA,NA,NA,NA,NA,2000 Q4,1540850.875,4,2000,2001,4,NA,2.84977351479012,2001-04-01,NA,NA,NA,NA,NA,NA,NA,NA,NA,NA,NA
2.65755134477452,NA,NA,NA,NA,2001 Q1,1549665.15,1,2001,2001,7,NA,2.20515515349451,2001-07-01,NA,NA,NA,NA,NA,NA,2.6582406247553,NA,NA,NA,NA
2.3090105678803,2.67455944053946,NA,NA,NA,2001 Q2,1550850.82,2,2001,2001,9,NA,0.201769249791095,2001-09-01,NA,NA,NA,NA,NA,NA,2.30884106908321,2.67480014574666,NA,NA,NA
1.33218127261764,2.38157107411098,2.71643030170874,NA,NA,2001 Q3,1553667.16,3,2001,2001,12,NA,0.385792469003743,2001-12-01,NA,NA,NA,NA,NA,NA,1.33616889912162,2.37870915034914,2.71462090626225,NA,NA
0.898955353094143,1.93964993606901,2.56038329510012,2.76852075633104,NA,2001 Q4,1552406.85,4,2001,2002,4,NA,-0.660316880827816,2002-04-01,NA,NA,NA,NA,NA,NA,0.939468087414488,1.94383291789532,2.55667184485483,2.76716732590353,NA
1.28879125737367,1.80686339894714,2.67688154675961,2.75366502707376,2.81618763245504,2002 Q1,1555614.424,1,2002,2002,6,NA,0.871087304173601,2002-06-01,0.45337831640277,0.43803490579032,0.37146870460394,0.42474813375362,0.60985287048553,97.7187321312137,1.30936561826119,1.80918288662517,2.67721867832418,2.75363296047039,2.81625836690697
2.3699331377652,1.701246179308,2.35160822645894,3.11922051317397,2.86963406625794,2002 Q2,1563994.497,2,2002,2002,9,NA,1.36578692645493,2002-09-01,0.571708318987345,0.488603419684785,0.34338603581858,0.51845228747398,0.57742610453732,116.111093292664,2.3697060407346,1.70808881760599,2.33101176615157,3.11725013458149,2.87180962983973
3.27886949701646,2.81733424517747,2.09573624175287,2.62398064021484,3.34038999638115,2002 Q3,1569683,3,2002,2002,12,NA,1.32682913773279,2002-12-01,0.82030481518768,0.4006309551267,0.54058964679554,0.74201858439477,0.79069033143687,145.438126882125,3.20246581416769,2.81375467920891,2.0398622550174,2.59192620591478,3.33726586271015
1.75855668504173,3.00384625672667,2.85911615113808,2.44239018806614,2.71477144480014,2002 Q4,1574138.35,4,2002,2003,3,NA,0.67982324380218,2003-03-01,0.76271765076156,0.43539018567062,0.62361148866536,0.70532824333987,0.7148489581854,151.824193065122,1.77252804827368,2.92349054746551,2.85448587213699,2.40075270144331,2.67889768583584
1.32090839227863,1.8513186223942,2.43605656423236,2.72492640550039,2.71133676160571,2003 Q1,1574843.58,1,2003,2003,6,NA,0.0381512951699525,2003-06-01,0.340066475355552,0.344708299843507,0.37357751124073,0.30785027510717,0.2957530872634,211.513822884354,1.32803098534735,1.85216371319913,2.42948050327338,2.72489294651266,2.71362682722094
0.888057254347877,1.52559578997993,1.90697578480568,2.09538274873578,2.64441255811777,2003 Q2,1575188.54,2,2003,2003,9,NA,-0.181283707073288,2003-09-01,0.38704269803567,0.37937065745704,0.40653421503873,0.38532536252943,0.51786320592068,150.329318349726,0.888434272669389,1.527870173809,1.8999451121544,2.1330744767581,2.64713719113805
0.918905550079979,1.28784516616586,1.81659484302936,1.93480436601142,1.92504584098749,2003 Q3,1580256.81,3,2003,2003,12,NA,1.54216770682993,2003-12-01,0.592634512942934,0.528205903269485,0.34843020464467,0.446298570064735,0.486918035375293,85.9938047115925,0.895257902851397,1.29446611882155,1.79673819098254,1.92383581163204,1.98487146350047
1.30324379751634,1.42960944488817,1.74176916774133,2.12920064646348,1.94408055974667,2003 Q4,1584883.96,4,2003,2004,3,NA,1.24123691900133,2004-03-01,0.41896299365704,0.33876772402477,0.444167542408545,0.532138590529688,0.55108474255453,88.8228388199731,1.4196125905059,1.40469679914077,1.75036357487881,2.11444417903861,1.93179937812458
1.95704422812126,1.81923480562119,1.86165372376768,2.14259587311985,2.39870829531887,2004 Q1,1595594.97,1,2004,2004,6,NA,2.31179840937314,2004-06-01,0.3674464550433,0.4411520979322,0.37843390150416,0.42765489274184,0.41267781255213,92.4534963411685,1.96509016177585,1.82544904648536,1.85959868597187,2.14266268241072,2.39954832361973
1.96507692781066,2.10084124474276,2.1288294104841,2.12088029109538,2.38309189634696,2004 Q2,1604748.79,2,2004,2004,9,NA,2.05686311441093,2004-09-01,0.46962996595282,0.450866545124285,0.284736338343928,0.345329338398683,0.405273487000478,108.1777212286,1.96426341961304,2.10358136057996,2.06895092007303,2.13253981807053,2.37804214692987
1.99321639604313,2.1248250817914,2.20527671772297,2.28362671291555,2.25049357475923,2004 Q3,1612461.44,3,2004,2004,12,NA,1.21526338263944,2004-12-01,0.29935856124405,0.26926703533266,0.30836612042324,0.298168411980077,0.29503362568555,94.2881884703307,1.98081305207132,2.1115922310898,2.18377551294889,2.19070185686687,2.26901038411987
2.10650538632798,2.08907562869874,2.19943282407742,2.2772736445291,2.33522581372604,2004 Q4,1617625.77,4,2004,2005,3,NA,0.619556677607136,2005-03-01,0.492298393591945,0.314690479608423,0.368555107446763,0.3607767387116,0.38932673471895,110.424922391291,2.08199002959288,2.07597716161515,2.18229549216834,2.26122311258803,2.23128550246481
1.82892945198827,1.9858634975394,2.22643785046971,2.22613077110963,2.32375502262833,2005 Q1,1640844.76,1,2005,2005,6,NA,2.00869283449305,2005-06-01,0.378890551517048,0.329977103746845,0.316698216430085,0.336463012319085,0.275325016490765,71.7928296043103,1.83755100934686,1.98446812627699,2.22534567277636,2.22599625946455,2.32461838198324
2.14516245697256,2.01213036475307,1.91347836426626,2.3088551835323,2.24214953932896,2005 Q2,1641807.01,2,2005,2005,9,NA,1.17100512102082,2005-09-01,0.538444274921317,0.41946809115256,0.282074291596945,0.34219570441673,0.345757989711195,95.9781889537404,2.14252190821447,2.01501031624475,1.92595498428746,2.31496677947309,2.25221671984228
1.4094557789803,2.2650109021607,2.12487498046775,1.87728579762968,2.3500638500636,2005 Q3,1794580.75,3,2005,2005,12,NA,2.55445183200291,2005-12-01,0.827926083489747,0.611811788408777,0.39633290595941,0.449543006011375,0.47721181690868,109.463722270037,1.39494528989709,2.2328467547779,2.10152969902784,1.8966984132927,2.35977733282145
1.77269853420967,1.61909641948143,2.15722470527419,2.18662127256192,1.86522160875083,2005 Q4,1807435.32,4,2005,2006,3,NA,1.24577709009654,2006-03-01,0.447560466144875,0.25230554526822,0.23665271170475,0.32847465708335,0.362166846517007,76.1477098416746,1.78846307120114,1.60329291727064,2.11602619232563,2.16921893818415,1.88694622296111
2.20683941090753,1.78300122390658,1.90816651483293,1.97255510700433,2.21682721446519,2006 Q1,1819418.21,1,2006,2006,6,NA,2.37170284882551,2006-06-01,0.12250472926292,0.138648396292875,0.190901909734975,0.2273928248597,0.212690426194195,74.8084090832899,2.13918611746476,1.7837945238204,1.90666900836785,1.972280048466,2.21778074430326
2.4529110568782,2.09287121761027,1.78918283772473,2.08160857204384,1.86175334804241,2006 Q2,1835901.73,2,2006,2006,9,NA,3.59448506164404,2006-09-01,0.36784145723409,0.33803838598314,0.27078346441368,0.4200568262525,0.43799398866789,87.1134108297304,2.45226684637714,2.02628583128225,1.78099339539196,2.08869466302618,1.88603236215022
2.52139202874478,2.39940035417912,2.01458509008178,1.7922736446338,2.16832960064929,2006 Q3,1850006.8,3,2006,2006,12,NA,2.08971247466958,2006-12-01,0.318345489812947,0.33764822972674,0.30176132284078,0.49349349121854,0.503612588996145,72.5669042091404,2.52986516405692,2.39159530055982,1.97300086906456,1.77959283117774,2.17970749035534
2.80820850540698,2.17584735444222,2.13280938974995,1.96414453609055,1.7933039136035,2006 Q4,1867402.32,4,2006,2007,3,NA,3.5905790431354,2007-03-01,0.46694121900199,0.34466459399064,0.487985705234465,0.671533567984936,0.730820331809109,73.3282964669362,2.69835610894264,2.18487552856006,2.12281488400923,1.93991359168955,1.77912597643966
1.91922939036493,1.76430807214592,1.79682511622799,1.82186681033812,1.93371306340505,2007 Q1,1889828.53,1,2007,2007,6,NA,2.43408060520518,2007-06-01,0.358827511279155,0.43861262479621,0.305595377690545,0.279336653952267,0.4002372502467,63.9910419855155,1.92224871928275,1.75847533763158,1.79760828899207,1.82180215565422,1.92075656256149
1.87643246464604,1.92770818466107,1.13796781218929,1.56941177329946,1.63530126269102,2007 Q2,1898074.64,2,2007,2007,9,NA,1.40449548281325,2007-09-01,0.22023896950439,0.26416165326405,0.257809615452905,0.29020711283617,0.327953834927785,60.3348840626684,1.87692822232978,1.92874494158654,1.19454687484495,1.56524794525128,1.64119451864121
2.37667516147617,1.83005412333868,1.98038721489137,0.824797682210972,1.45570510183519,2007 Q3,1912436.57,3,2007,2007,12,NA,2.88606542835221,2007-12-01,0.477942370231932,0.271450516224208,0.18849602152702,0.320000977028,0.414095668778563,103.029470410482,2.39017394126282,1.83724499125557,1.97236491207164,0.912582643451637,1.44906777338088
2.23471637214115,2.32864048691974,2.05906058037793,2.0533064723002,0.720407638884867,2007 Q4,1921934.81,4,2007,2008,3,NA,1.53682611137846,2008-03-01,0.41192551677861,0.25198596069148,0.44818532357279,0.4760343768512,0.53668685378397,97.5441732331573,2.2296558874478,2.34316998777758,2.06833562469228,2.0473140934788,0.818594566320532
1.5867025925909,2.1418281700689,2.28504669305011,2.36464296055504,2.12250594813196,2008 Q1,1946919.78,1,2008,2008,6,NA,3.222998120353,2008-06-01,0.42717391766984,0.43854305523496,0.405210541678112,0.31356140193857,0.28108471675266,142.97143793617,1.5719727097014,2.14158342123395,2.28636084945774,2.36470943135877,2.12282558253563
1.34660903254032,1.44864901644237,2.08609524882555,2.25889041672832,2.54799238866131,2008 Q2,1942744.12,2,2008,2008,9,NA,-0.784561275048445,2008-09-01,0.575071917563553,0.49872591531823,0.43752477590945,0.4557696509581,0.53701541271376,93.3329549075236,1.34567852174356,1.44310007444642,2.08873994150564,2.25227536646583,2.54253371535867
0.226118116433732,1.41127526284805,1.56340980417528,2.05822878820387,2.24581227856743,2008 Q3,1939298.48,3,2008,2008,12,NA,-0.812353714729852,2008-12-01,0.597435902231239,0.522893637908662,0.42445599054233,0.59144530994962,0.62961741253368,112.090968117085,0.285737290229472,1.40308958663836,1.59987582478672,2.06231820164148,2.23523262496988
0.197582952032735,0.627726538410443,1.52201461303052,1.81170634386588,2.04893996799665,2008 Q4,1920279.18,4,2008,2009,3,NA,-5.75165103511995,2009-03-01,0.543594342554945,0.450970582880097,0.884393626296174,1.00215202404086,1.00597834940828,170.050267980822,0.140518633876664,0.692199637514813,1.51170664933272,1.83916176715566,2.0535109550201
-2.58945588440588,0.425369238186396,1.39648884093482,1.63349453813039,2.07426002359041,2009 Q1,1865070.87,1,2009,2009,6,NA,-9.68408178450968,2009-06-01,0.981728031154695,1.09158177320859,0.828301966887099,0.643419570429148,0.651047988646367,144.383838147732,-2.59280644194688,0.423699021314849,1.40243192003715,1.6334417783202,2.07294596580839
-3.27353874138549,-2.22898067939013,0.562041009878593,1.85774622244945,1.70038249319031,2009 Q2,1864112.41,2,2009,2009,9,NA,-0.489911102277762,2009-09-01,1.19474989358579,1.13468703618782,0.758350894184043,0.607856825842181,0.842460758676917,118.732739796287,-3.26106578562195,-2.23056389257089,0.593607253777759,1.82857128955055,1.70648285571269
-0.634082377293417,-1.79496092398479,-1.29490899089402,0.630376895724691,2.08837491320676,2009 Q3,1867441.56,3,2009,2009,12,NA,1.52854316949271,2009-12-01,0.926256217340168,0.764361080894086,0.636616585076941,0.767421041690598,0.859305109463029,97.2164238303184,-0.702227182812669,-1.75477476339523,-1.28835676047646,0.678561370009215,2.04164097430725
0.902296404004856,0.545374878771147,-0.400828973895228,-0.122027091694472,0.653155524340057,2009 Q4,1869721.46,4,2009,2010,3,NA,0.459223433597322,2010-03-01,0.720228068464184,0.609992100593958,0.66355119096175,0.74110738083855,0.74936243995904,117.770079116364,1.15939877844593,0.444352388878096,-0.355626221793531,-0.116944845136265,0.706879408753034
1.09300050723279,1.16941277838734,0.727365099394965,0.725761873133095,0.954878745431579,2010 Q1,1870763.39,1,2010,2010,6,NA,0.799151150325228,2010-06-01,0.577204247302305,0.625074510088929,0.62969954145409,0.57829143355883,0.6004840563615,138.860302867681,1.093201304938,1.17680184699231,0.708326696738078,0.72552377997551,0.954733743999624
1.22964344512306,1.10286044984733,1.32968260301683,0.836559231769255,1.40171638135009,2010 Q2,1895085.08,2,2010,2010,9,NA,3.90162069670983,2010-09-01,0.53831119078254,0.507806178370363,0.462464484935317,0.394491831630403,0.46081672958514,175.83079005299,1.23120071920948,1.10295548651426,1.18724368812014,0.866711281454067,1.37421378103694
1.75350358827355,1.40645628687787,1.22074634488108,1.40981751533157,0.8911562979564,2010 Q3,1902239.29,3,2010,2010,12,NA,1.45328268647988,2010-12-01,0.51696218007834,0.320646005162625,0.42888132454818,0.511657894835214,0.577343871178718,173.687145908875,1.74847754391118,1.41439295067438,1.22035491601227,1.19246460868406,0.945903573812062
1.29824999644839,1.6200376134651,1.49415753599056,1.38913412748449,1.43652915276982,2010 Q4,1913214.23,4,2010,2011,3,NA,1.14107948317874,2011-03-01,0.44033077072763,0.42446205714175,0.47019907361802,0.584078201754452,0.622037911133266,180.635097300612,1.24364961803585,1.61360643420031,1.50370313316233,1.38883007165457,1.1942049155387
1.38087956969068,1.17122924903248,1.36939270518319,1.53011207998359,1.55049973280802,2011 Q1,1922701.04,1,2011,2011,6,NA,3.38733524164045,2011-06-01,0.325785362583155,0.330233819216315,0.357765794052138,0.320311160507958,0.38364088836086,139.95968356513,1.38048995023859,1.16966365441254,1.36844096228044,1.53011793561118,1.55050758724995
1.74997149610599,1.43518140196647,1.09501680058293,1.21900576021405,1.55168480637941,2011 Q2,2147170.17,2,2011,2011,9,NA,0.603834313566431,2011-09-01,0.39407081120738,0.299952330014575,0.19520791691793,0.24057043196764,0.279965059701215,149.339858614416,1.74763746246401,1.43499213948182,1.12527207623855,1.22134167912852,1.5459668170805
1.27715962778267,1.80086107711848,1.5292841698177,1.05691057635816,1.14381228772948,2011 Q3,2155248.98,3,2011,2011,12,NA,0.611194815707927,2011-12-01,0.29069616365645,0.31679689049352,0.3103097251304,0.30641742591253,0.33413478625268,231.253136290813,1.28259745538308,1.79312752491528,1.53001783174821,1.10307628715155,1.14779203755256
0.748520116503173,1.30960715658189,1.76157745175699,1.63716816105955,1.04420850161656,2011 Q4,2146321.92,4,2011,2012,3,NA,-1.26146662186812,2012-03-01,0.254257495229956,0.345849542597722,0.401425516111006,0.429213502867653,0.438476165119865,258.407887595553,0.678768751298688,1.31788360514953,1.75283311722708,1.63774048845393,1.09567769078922
0.421622091065493,0.804460329346801,1.58893313019243,1.69126892796659,1.73281366350718,2012 Q1,2145122.97,1,2012,2012,6,NA,-0.0390129561668617,2012-06-01,0.317847778870751,0.358839412576819,0.35673223938903,0.395041570579097,0.430504826119077,195.890496671153,0.345160102850123,0.755647469054492,1.5905513781487,1.6913103503905,1.73279977089177
-0.382608195869739,0.459458588378583,0.838024457052978,1.75652871435876,1.64908381369234,2012 Q2,2141215.49,2,2012,2012,9,NA,-0.667988114093954,2012-09-01,0.147183604737968,0.207388338069138,0.274482687967705,0.269242726260297,0.290542893770445,232.084586263182,-0.3246198546613,0.382893744414494,0.801774699707975,1.7541520419482,1.65439669028856
0.202209093912012,0.0105085179235886,0.558227578525979,0.854806520906066,1.84032650644193,2012 Q3,2140648.07,3,2012,2012,12,NA,-0.207439696438894,2012-12-01,0.196209688394463,0.271534188055768,0.334645190284004,0.372511791620946,0.391445092289416,189.190233608721,0.2128818505728,0.0756229483750341,0.507375859788283,0.824838315034716,1.83595237384795
-0.183542936340295,0.337065138467875,0.344508097115703,0.682408565517036,0.860400542190429,2012 Q4,2127779.1,4,2012,2013,3,NA,-2.34634196815027,2013-03-01,0.204384205692118,0.279441387394756,0.323615546000576,0.345702625303486,0.353064985071123,222.770850599714,-0.143321218160875,0.343967753758635,0.402778722785521,0.649943529922615,0.832526186810297
0.0683915832056903,-0.00124372154361163,0.45014448159856,0.598208940358627,0.796481053361109,2013 Q1,2123178.54,1,2013,2013,6,NA,-0.827844166903047,2013-06-01,0.207063243929069,0.273261117771841,0.290912585963499,0.312433795249688,0.301379325495283,226.442817684421,0.0829406354417042,0.0266393942177199,0.454324404074022,0.636122487384313,0.776285569518117
-0.804686125070123,0.252847385387115,0.108135807334398,0.517992087476971,0.750429446304382,2013 Q2,2130511.02,2,2013,2013,9,NA,1.1814495215958,2013-09-01,0.134105451782474,0.162214186197657,0.180120042264582,0.225443307825885,0.270410154942271,174.098975607489,-0.619108150122903,0.267360708600623,0.128615761644877,0.520538394263254,0.776128746143589
-5.78974327561932e-05,-0.232478229041352,0.447987050149058,0.162825571773403,0.551915890416177,2013 Q3,2129111.47,3,2013,2013,12,NA,0.322968848257821,2013-12-01,0.16455204206825,0.221251194556917,0.254138501068866,0.273870884976035,0.283737076929619,164.152568983841,0.0624490179492662,-0.0241382489136766,0.457522807422758,0.179603945358455,0.55364538935787
1.06449181531624,0.317247017169698,0.209944336702677,0.6306470492654,0.181055493253072,2013 Q4,2139793.46,4,2013,2014,3,NA,1.1185971454122,2014-03-01,0.127340781084115,0.170375788948349,0.196196793666889,0.20910729602616,0.213410796812583,175.076358304352,1.09180364071521,0.357173511063826,0.396222438245148,0.636607693694145,0.196600006596315
0.802089370219803,1.03680595267309,0.553056082512931,0.524552587204059,0.777663854510016,2014 Q1,2143493.18,1,2014,2014,6,NA,0.731541516806522,2014-06-01,0.115237573491463,0.136517399492307,0.18323523535872,0.19645804228209,0.23691282383512,153.260822319438,0.869337443995488,1.05525021335608,0.576715238824292,0.645340504717997,0.781229593690822
1.24442819306154,0.995169125699594,1.0201944350872,0.69454152171887,0.713317537504888,2014 Q2,2145261.42,2,2014,2014,9,NA,0.200149178441222,2014-09-01,0.13120242712163,0.16351316276887,0.175653548504245,0.185682460547058,0.192286185778617,124.857835413509,1.24855541837205,1.06207103037604,1.0333181569406,0.708440275480571,0.794811344601708
1.09853698516411,1.31282194351224,1.15399751883633,1.01188867629425,0.76528424132184,2014 Q3,2224379.7,3,2014,2014,11,14,0.64695372822019,2014-11-01,0.151393481871902,0.211563259579275,0.247796024376695,0.26953568325513,0.280405512694355,147.821624223235,1.11863972353753,1.31743025459666,1.19746728066943,1.02235212873286,0.77430279380871
0.737747903342326,1.23965350049847,1.37544246389932,1.27812719128781,1.00912009002994,2014 Q4,2231498.3,4,2014,2015,2,13,1.36662620186494,2015-02-01,0.158694016448222,0.215041669349216,0.248850261089814,0.265754556960109,0.271389322250214,159.493161536961,0.796099270857175,1.25250210967591,1.37952282936616,1.30498382696038,1.01869678599695
0.874061948155583,0.922589696421278,1.3446596830161,1.42522071836204,1.36711078471186,2015 Q1,2246183,1,2015,2015,5,13,1.60998238010752,2015-05-01,0.0850211131050864,0.115876694146851,0.134565042517109,0.15142042126452,0.1694924902026,151.941440996899,0.916310071727026,0.962257797427477,1.35228155290281,1.4277985967169,1.38296440553515
1.49002865972087,0.969284247535639,1.03349477226865,1.40766339252667,1.45508767103967,2015 Q2,2253319.5,2,2015,2015,8,14,1.25100580899868,2015-08-01,0.140476014344365,0.184734622018975,0.19658019438088,0.19859702080874,0.19980711666545,168.951239262195,1.5231312333568,1.01550043444826,1.06195291336966,1.41214921883895,1.45676405712734
1.63376036880863,1.5495325527981,1.04980284442995,1.08894731019234,1.43916524728196,2015 Q3,2269133.1,3,2015,2015,11,13,1.1950440785178,2015-11-01,0.120084680629343,0.166296552269945,0.200636591348073,0.2214305063844,0.232173454018272,174.219838421655,1.64850224178857,1.58753098725326,1.08868399292678,1.11180047134075,1.44208305180702
1.55075251593787,1.68147949273381,1.59446153039789,1.11425088781866,1.10743148950023,2015 Q4,2275397.6,4,2015,2016,2,12,1.07226113882126,2016-02-01,0.0969856555413751,0.126271395846552,0.143842840029647,0.152628562121205,0.155557136151723,158.884055427118,1.55670317982606,1.6920496900958,1.62999149401523,1.14742996675408,1.12841632399778
1.45521480303793,1.59254641100175,1.71567829878575,1.62582946361545,1.16126152668192,2016 Q1,2290136.3,1,2016,2016,4,29,2.22000251675092,2016-04-01,0.12022956321397,0.14348968789973,0.17073782945994,0.18268690885405,0.18939144905542,221.762138228153,1.50967988871288,1.59710410584203,1.72320390047859,1.65183108899452,1.19036928467215
1.42469896697358,1.5571408128496,1.61762274804008,1.73619758241692,1.64465022354598,2016 Q2,2299163.1,2,2016,2016,7,29,1.16053838466759,2016-07-01,0.11244449537067,0.17619749557549,0.22113067841867,0.24441627447767,0.25838763211307,279.584489938203,1.45339805152646,1.61303592661856,1.62134466145162,1.74189642670826,1.66493484598209
1.87586988545798,1.48237517828084,1.63146237031897,1.63016091655924,1.7464572242325,2016 Q3,2320301.2,3,2016,2016,10,31,1.3696007959197,2016-10-01,0.158709971380405,0.234609185443555,0.29558394767472,0.332168805013415,0.35046123368277,290.147255592356,1.85794754793169,1.51534727573975,1.67155573862018,1.63346493925641,1.75124268982309
1.32664244691104,1.76448598665055,1.52513104185119,1.6829317114528,1.63434030606563,2016 Q4,2334585.1,4,2016,2017,1,31,2.01832602693919,2017-01-01,0.1330456725937,0.18141574694827,0.21043779156101,0.22494881386738,0.22978582130283,307.63005505221,1.31970632135534,1.75162566874573,1.55601036933821,1.71133062770774,1.63750503185801
1.47360608308771,1.37260039497089,1.68792934271925,1.55454411660278,1.71630107225784,2017 Q1,2346004.9,1,2017,2017,5,3,1.83256838686618,2017-05-01,0.0855294611554323,0.110011726972508,0.142290122432815,0.149006273639882,0.16289644640282,274.7202333341,1.49376292068613,1.36731270548284,1.67876333437567,1.57722881876672,1.73666598406652
1.77196298017272,1.50477697536033,1.4001751638068,1.64199535636047,1.57219196145373,2017 Q2,2362819.7,2,2017,2017,8,1,2.26358585525639,2017-08-01,0.0915958668675725,0.139620997670782,0.169298989223915,0.179629324957935,0.187578012838642,240.399588697922,1.74450726678029,1.5254196007151,1.39587653595933,1.63504593375363,1.58995988842383
2.09667985166502,1.72091153304189,1.53036687744967,1.41396254822475,1.61902836318108,2017 Q3,2389498.9,3,2017,2017,10,31,2.35901607912501,2017-10-01,0.0826554091174452,0.123110591462132,0.136629035187602,0.142234821395467,0.145059612690745,178.963426921999,2.08524921445957,1.68940378289454,1.545084076254,1.41015845119758,1.61318723344262
2.25523010232747,2.01000052737454,1.68378436899943,1.55033050875911,1.41855834303074,2017 Q4,2409508.8,4,2017,2018,1,30,2.26518442478945,2018-01-01,0.0965423884330496,0.12671523577428,0.14481894417903,0.15387079838139,0.15688808311552,210.113346735478,2.20414071662579,2.00184395125524,1.65433982500318,1.56067139397546,1.41491908961033
2.25370408420944,2.15253747047177,1.94839750394043,1.65864685025086,1.56462258869201,2018 Q1,2421482.4,1,2018,2018,5,2,1.67089835301826,2018-05-01,0.143350374246928,0.184541105330175,0.225311320833765,0.2581712151847,0.298440724414448,169.058640590248,2.23839771116572,2.11364206078728,1.94262916311224,1.6371292775206,1.57196200965274
2.27954617279674,2.17141570003962,2.09092189135835,1.91143568987996,1.64356433900173,2018 Q2,2432598.7,2,2018,2018,7,31,1.39043502673315,2018-07-01,0.0951978409877401,0.124662122072253,0.14698496889227,0.160556356773276,0.168076773162417,202.637499058904,2.27086572883448,2.15573666599732,2.05934286728418,1.90710029022644,1.62680294903105
1.70635880868582,2.21173264233334,2.10139950880823,2.06011410180164,1.89295478284973,2018 Q3,2442969.3,3,2018,2018,10,30,0.621584523524055,2018-10-01,0.10915493222505,0.13887771593447,0.160304730016555,0.173562999283925,0.181727092067762,193.302582783269,1.69486704973668,2.20176909511411,2.09021205056926,2.03219327053263,1.88933585378355
1.65448613955627,1.76286631818065,2.15360886682092,2.04506420794465,2.04984483861607,2018 Q4,2447677.6,4,2018,2019,1,11,0.897669234411302,2019-01-01,0.09718548485496,0.12753066083504,0.14573776642309,0.15484131921711,0.15787583681512,250.979477104243,1.67832777952545,1.75466497953543,2.1442902201749,2.03719715672306,2.02314340494878
1.06781542631906,1.69699528051046,1.80320089066569,2.10920978512347,2.00381849487826,2019 Q1,2457078.9,1,2019,2019,4,30,1.52472842398756,2019-04-01,0.1234217265282,0.157146913346275,0.205037450896275,0.242234048006532,0.250993562689543,235.737651943427,1.16233719879483,1.71508445664459,1.79740000981282,2.10238148639138,1.99823046251034
1.10869703746801,1.21275334169965,1.72250076508297,1.82740163415672,2.082570336105,2019 Q2,2464472.1,2,2019,2019,7,31,0.81027153828821,2019-07-01,0.0953995927517974,0.15499069873692,0.19007515552594,0.21645964480931,0.230134741968195,205.350508329784,1.15490312203934,1.30942939709452,1.73713846291607,1.82304102797925,2.07723624612127
1.45041994317994,1.19290970762567,1.31164183202617,1.73525350736923,1.83950200590223,2019 Q3,2469104.7,3,2019,2019,10,31,0.751358631556842,2019-10-01,0.13466016452538,0.192367937172427,0.245985214019855,0.27107894800779,0.28362581500176,250.63998402439,1.45242621675108,1.24589904332715,1.38030421373338,1.74816546605181,1.83586153706247
0.88871269074736,1.4055774220069,1.25577973629786,1.37479841371927,1.73950442146465,2019 Q4,2473535.4,4,2019,2020,1,31,0.375240511102204,2020-01-01,0.173539274789542,0.24227054298091,0.28350930389573,0.30412868435315,0.31100181117228,236.382630178153,0.88005178942204,1.40700074583903,1.30523744548897,1.42280898464298,1.75184113376372
1.03054512146581,0.923596168272392,1.37371228155646,1.2992786595724,1.41254060319959,2020 Q1,2380838.7,1,2020,2020,4,30,-14.4490704356445,2020-04-01,0.158072764590902,0.20596675858321,0.236003965351775,0.252976607347853,0.261676907022718,255.141975189727,1.04644215790773,0.917173608099085,1.37471051432951,1.33531360195998,1.44640877468046
-0.248243629506118,1.05631408407014,0.944526254787412,1.35459319728619,1.32537801353712,2020 Q2,2097429.7,2,2020,2020,7,31,-40.3281523250544,2020-07-01,0.779642561306261,1.03608153802915,1.61693835373844,2.31251483328513,2.75105623281135,275.932261389929,-0.910526250296839,1.07237161123252,0.939446699305312,1.35533637542381,1.35335929584259
-5.07608942568308,0.443839786691407,1.07163400182073,0.954991298044921,1.34503365515106,2020 Q3,2367534.9,3,2020,2020,10,30,61.128509154819,2020-10-01,0.64442683438016,1.02694550723702,1.42862662728756,1.62792537006127,1.74002374480616,246.835141197253,-4.81936798642428,-0.305765159652402,1.08260983800704,0.950583244908425,1.34564930597095
-6.11013342096199,-1.02461278980547,1.40730313681703,1.07952399701199,0.958479645797425,2020 Q4,2348918.2,4,2020,2021,2,2,-2.76124382493568,2021-02-01,0.820275626532063,1.12384708004986,1.31896513490567,1.40606990798767,1.43438719062883,282.89789080138,6.21600947703389,-0.87003729287542,0.724550182083594,1.08681374919368,0.95429542677613
1.44765782562255,4.34224563817823,2.2249537777391,2.32326423439175,1.0830031919383,2021 Q1,2338215.6,1,2021,2021,4,30,-2.46867534720872,2021-04-01,1.531250879345,1.5479840126377,1.37886652201654,1.17254021497934,1.90457188311044,211.374499650355,-8.08676500745141,9.14319870550081,2.30681710704456,1.85525883388361,1.08780271035428
-0.681528786950892,-8.28194637172865,10.6136730736624,4.17469371826584,2.87284089293658,2021 Q2,2401275.6,2,2021,2021,7,30,8.34819701428628,2021-07-01,0.75774076626572,0.755064654815043,0.64880481717969,0.95114373245201,1.22176334355469,157.886413403143,1.37946551857332,-15.5763058705927,10.899512242581,4.21292974699655,2.53368402496363
1.55035131005379,1.07954694310002,-8.07113506816208,13.7493867914044,5.1495636885292,2021 Q3,2465598.9,3,2021,2021,10,29,9.14302469228154,2021-10-01,0.77300352674739,0.79484678418547,0.6606415936473,0.87041357616561,0.93615380073807,197.104579869858,0.267331894794912,4.20304408222633,-4.52910744385324,11.777669011121,5.16598606697254
2.97324021173312,3.32301337704996,2.91399722412743,-2.200163602506,14.7946246973185,2021 Q4,2478959.8,4,2021,2022,1,31,1.18311584585049,2022-01-01,0.581427015229733,0.747597757831337,0.781043424727703,0.859229811698873,0.890500090441849,247.759398790467,4.11000379263373,3.8087745302775,5.70231822649982,2.15389227314992,12.0703879339677
3.29320211890703,3.99705292868204,4.84355399384754,4.4732785212238,5.05071268641137,2022 Q1,2488130.4,1,2022,2022,4,29,0.758552434531379,2022-04-01,0.673938590302965,0.719730318685253,0.534392231677175,0.4876064549436,0.616726740415027,292.371372844845,2.27219339727822,4.07107171689291,5.48476571036008,4.46448234829922,5.90464257492911
1.56522596832174,2.14124094246592,4.61134055885139,5.75587836392609,5.40884729948163,2022 Q2,2512934.1,2,2022,2022,7,29,2.78235120324797,2022-07-01,0.78245366563328,0.5918911333369,0.73627072330871,0.811504427455528,0.987537874347442,331.924155185895,1.65046311344352,1.36464479777782,4.04771247144843,6.49036041840963,3.72178082137886
1.06743034925326,1.88261597331722,1.88951664022922,4.91848437393607,6.21204054896537,2022 Q3,2528867.4,3,2022,2022,10,31,0.737974787191176,2022-10-01,0.798739491848587,0.902403485075487,0.92014395491592,1.0556961567132,1.15249061399553,376.208330891072,0.687981542975143,2.01277099923754,2.29451131560735,4.03603284872618,6.9931577724344
0.219065392721193,1.30885032773153,2.18186767889131,2.17618715203662,5.02086564563096,2022 Q4,2536716.3,4,2022,2023,1,31,0.474327540765818,2023-01-01,0.662399825822567,0.67780642347137,0.863466172553364,0.9741391414653,1.0140649081769,351.784205806769,-1.75008953326162,1.47359740529529,2.29845830805349,2.65875396303345,4.0321396411521
-0.360675505595409,-0.0975659996122585,1.73050656946402,2.42368647544413,2.63941041772784,2023 Q1,2550385.1,1,2023,2023,4,28,0.337553589914297,2023-04-01,0.796193560752982,0.758648446282633,0.662235468185664,0.771031275011737,0.69192519827171,292.984573608028,-0.527510277776111,-0.226629823079953,1.92966867333083,2.42321906800519,2.7266128898871
0.474308581747123,-0.285546358434342,-0.287544835012329,1.98350031450352,2.56877775337582,2023 Q2,2554906.9,2,2023,2023,7,31,1.08695684420583,2023-07-01,0.678573791909644,0.612948683238023,0.461263087394187,0.637557101435818,0.61219418754507,252.318087182619,0.474468626502074,-0.412949205785039,0.687446003029048,2.20331143415215,2.49807552397621
0.912187023834126,0.781166101039407,0.212210935902418,-0.382534252712365,2.10999718702327,2023 Q3,2562114.7,3,2023,2023,10,31,-0.367023756228002,2023-10-01,0.570606060463312,0.501968958564587,0.477677241092625,0.640933639803798,0.711012501457939,290.348858180814,1.00823969877149,0.781391448027389,0.27571663914176,1.14448391608355,2.34013281456281
0.710200644277144,1.10836184586685,1.05590687949883,0.904064572021786,-0.41419739194571,2023 Q4,2562942,4,2023,2024,1,30,0.122218549437747,2024-01-01,0.447710175417056,0.52700533968858,0.561402902314089,0.580657534057133,0.589202525695568,303.899651535313,0.740351904784921,1.08443401842498,1.05609240250715,0.981077912096147,1.29682988710172
0.610724655997455,0.932921996798829,1.16487681694596,1.271475552868,1.56148274453068,2024 Q1,2572303.9,1,2024,2024,4,30,1.33752300456071,2024-04-01,0.54103552977055,0.521486004171291,0.451110453613069,0.385114896530735,0.373420074493155,277.236740345955,0.758199904073724,0.935129484982342,1.12268855897743,1.27144464109664,1.5758354012363
0.939883428755014,0.95846665721697,1.06655480831184,1.19878579959343,1.40081675688949,2024 Q2,2589474.9,2,2024,2024,7,31,1.03826132932034,2024-07-01,0.44761109993255,0.41631478254546,0.26730122664089,0.25757718104205,0.27735441466543,295.504347541571,0.937822200437337,1.07295078987623,1.05199603310079,1.14564128330889,1.40065598425033
1.26779422163539,1.21850792135681,1.19704278574211,1.13337121406835,1.21574029091716,2024 Q3,2620468,3,2024,2024,10,30,1.5059636166852,2024-10-01,0.327635854763658,0.314130987273105,0.30215449217067,0.267949690353948,0.282636139228745,323.444330309838,1.37297221383662,1.21557923960002,1.15086753379824,1.11042930716002,1.15711764547463
1.07343996100115,1.34034863849343,1.37105244645055,1.35051687953472,1.15564334932051,2024 Q4,2620997.3,4,2024,2025,1,30,0.116529019983003,2025-01-01,0.221587864454028,0.288107330745112,0.319229011494605,0.334415403992415,0.339477534825027,452.160395740979,1.18851492301115,1.32283660694483,1.36852102946431,1.28921377461812,1.12990706517976
NA,1.23893660158761,1.41514656970272,1.44563956423364,1.44295277655669,2025 Q1,NA,NA,NA,NA,NA,NA,NA,NA,NA,NA,NA,NA,NA,NA,NA,1.24841075482096,1.3730914721319,1.44563708852501,1.42968126567546
NA,NA,1.33823458593948,1.46002532842829,1.4903918349035,2025 Q2,NA,NA,NA,NA,NA,NA,NA,NA,NA,NA,NA,NA,NA,NA,NA,NA,1.28434825390685,1.40324439124414,1.49190672396143
NA,NA,NA,1.38788357811542,1.48246470779108,2025 Q3,NA,NA,NA,NA,NA,NA,NA,NA,NA,NA,NA,NA,NA,NA,NA,NA,NA,1.30231700344979,1.41832085080026
NA,NA,NA,NA,1.40443324217407,2025 Q4,NA,NA,NA,NA,NA,NA,NA,NA,NA,NA,NA,NA,NA,NA,NA,NA,NA,NA,1.30830658663077
