origin_quarter,origin_year,cy_logLik,cyandny_logLik,cy_rw_sd,cyandny_rw_sd
1,2001,89.1459098857242,91.0214389812982,1.98976182718944,1.96413347383501
2,2001,90.4184866320268,92.2175076796356,1.96694038508957,1.94301603821649
3,2001,93.2190241644366,95.025955627497,2.03103226163214,2.01297515130287
4,2001,96.0063283602362,97.7187355731329,2.10275403512911,2.08603451335831
1,2002,99.5686618453967,101.519111486201,2.08655262697033,2.06347847959656
2,2002,102.140220234732,104.02775984081,2.12581451925589,2.10281333359266
3,2002,103.171357842816,104.98385125877,2.09871649853854,2.0804496340898
4,2002,103.916208540321,105.442304494844,2.06850975196737,2.0459183339853
1,2003,106.761780191763,108.701758381997,2.02291982830344,2.00331715900638
2,2003,107.292715322259,109.167251025706,1.9715865168436,1.95455871352223
3,2003,109.264061029617,110.949993451644,1.99020054038345,1.97133001693031
4,2003,110.646902251823,112.285046136194,1.99177261466219,1.97766898739149
1,2004,116.035740576011,117.944301497838,2.0547261965825,2.03449353429305
2,2004,117.46576970054,119.287054055304,2.04169133764723,2.02197701155363
3,2004,118.964626564345,120.646530111608,2.0394789858153,2.02050790192966
4,2004,119.565755270767,121.065022343475,2.01015890720756,1.99150779368328
1,2005,124.324974439318,126.228817915254,2.04458844164663,2.02592150330447
2,2005,124.431393356538,126.237008415874,1.98440608551673,1.96705648901367
3,2005,120.251485578896,121.856364433385,1.79214735053148,1.77827097438923
4,2005,123.150607527482,124.565719076311,1.84509924137011,1.82920427836669
1,2006,123.578320506155,125.785612646936,1.73952985092289,1.73121725555604
2,2006,125.285216899038,127.00683989151,1.74565484659006,1.73268175980455
3,2006,125.575501339991,127.131713024209,1.7137057375143,1.7011946355777
4,2006,125.41478164964,127.138124360916,1.67604862424839,1.67341393317375
1,2007,129.664980410328,131.38186402684,1.69207168167182,1.67863782066189
2,2007,131.172636452722,132.877791024488,1.69065118806228,1.67927856065124
3,2007,132.07329812816,133.559932151562,1.67839213999221,1.66563732990333
4,2007,133.020759277736,134.365569456658,1.67248837737366,1.6604665727678
1,2008,136.939417374554,138.702218178004,1.67916483509339,1.66794145897449
2,2008,138.708364156502,140.355984736112,1.68459484087334,1.67259625089896
3,2008,143.093741437145,144.968147421841,1.76098342819328,1.75660339745321
4,2008,142.163530558634,143.637509571666,1.7066210532597,1.69732069240687
1,2009,145.41797122059,147.990731937261,1.69674797692889,1.70473993996458
2,2009,151.087271833774,153.66296091477,1.79746725449065,1.80691585929219
3,2009,160.499217387029,162.211035197056,1.99908075606995,1.98725175959059
4,2009,165.702883076602,167.439525694668,2.11665266654084,2.10682024425786
1,2010,169.173103235208,171.124806759097,2.10530036384814,2.09169659410288
2,2010,171.530506892459,173.407315957122,2.12157929384652,2.10799590711008
3,2010,172.155329652992,173.927133877032,2.0946312857139,2.08261680230371
4,2010,173.698178757664,175.38741665878,2.0956700110487,2.08544123781006
1,2011,176.764914942778,178.702111750901,2.07683720220618,2.06407265725139
2,2011,177.780750078396,179.639239435242,2.05721000826185,2.04498770864819
3,2011,180.073201103887,181.87832853893,2.07542062978137,2.06455762944033
4,2011,183.375225326239,185.644990495206,2.09210602149502,2.08437555062182
1,2012,185.603772733635,188.067377905589,2.079890084147,2.07294598364063
2,2012,187.762646957965,190.253450015022,2.08616647007152,2.08054617628371
3,2012,190.03699274021,192.418080284023,2.09497372812781,2.08715823394118
4,2012,190.890748820501,193.173988772182,2.0651785979695,2.05829578840026
1,2013,192.889678133081,195.338294479234,2.04855595451595,2.0425303966923
2,2013,194.862428929403,197.389083383125,2.0479105530402,2.04488130260833
3,2013,198.045737059612,200.462110438875,2.08024424839344,2.07395185474422
4,2013,200.457776367117,202.702922838683,2.08917717073507,2.08185775232456
1,2014,201.503573679359,203.918539169647,2.05012212594117,2.04415406448824
2,2014,203.021721458461,205.405079358428,2.04210616822887,2.03541590136511
3,2014,204.73465410688,207.077297534163,2.03756380754377,2.03064398991818
4,2014,206.348565579147,208.601463720687,2.0284451763014,2.02216943892889
1,2015,210.175569805141,212.927479076619,2.04643807060578,2.04196973658258
2,2015,212.79248860379,215.268144111292,2.06667360444662,2.06053775183937
3,2015,214.394177342,216.81665684978,2.05832084456054,2.05211342771812
4,2015,215.006404214575,217.322660502638,2.02739702124135,2.02198463999951
1,2016,216.61833637399,219.104343812617,2.00782866081041,2.00253848282846
2,2016,218.72292707355,221.174757929126,2.01201344741188,2.00629378006147
3,2016,219.709054769131,222.109987044671,1.99229635656029,1.98672265646639
4,2016,222.690219264908,224.988358686825,2.011397534653,2.00614162832438
1,2017,224.434996347801,226.906363501339,1.99532775310585,1.99019404883753
2,2017,226.349015536739,228.788213006195,1.99565778912576,1.99017611685475
3,2017,227.425477933614,229.811044145973,1.97892771620746,1.97348177091865
4,2017,229.205309221721,231.497110003512,1.97417764583368,1.96934962360034
1,2018,230.592824552986,233.048551842367,1.95279987157791,1.94802893637038
2,2018,232.003035121205,234.424172496212,1.94427424502781,1.93918872847951
3,2018,233.43892317168,235.797099241311,1.93563399548697,1.93043123463206
4,2018,236.163167000569,238.42842468069,1.94844274570365,1.94371846018543
1,2019,238.042624492643,240.482145879004,1.93662810926344,1.93210230967101
2,2019,239.494458581662,241.899804107229,1.92965177524399,1.92476926365914
3,2019,241.849803011521,244.201656732125,1.93746091514533,1.93238374318534
4,2019,247.842355831872,250.11427027999,2.00765812844657,2.0027492391138
1,2020,254.150333375206,256.616064594789,2.07441064153164,2.06952715757267
2,2020,257.916895908692,261.698940618206,2.08074546165139,2.07251517709027
3,2020,276.78535532275,287.127924249441,2.44123612611011,2.54882048093646
4,2020,325.033267285028,350.463195402495,3.40933797062988,4.19229329570399
1,2021,454.32941136055,459.068825859085,10.4973694699357,10.5169789617806
2,2021,465.282650818043,468.937703559948,11.2221723605426,11.1858130294079
3,2021,468.681945734922,472.292131576393,11.2338943537969,11.2025265138024
4,2021,472.944426107214,476.538698234292,11.3136128486633,11.273928811604
1,2022,476.584938194787,480.245951870977,11.1677035484162,11.1267779301795
2,2022,480.153631761107,483.766218068749,11.1788528675514,11.1404852432198
3,2022,484.640834266757,488.220464725382,11.2890761534405,11.2551759840705
4,2022,485.789924334438,489.355775154396,11.1032370766889,11.0698597700478
1,2023,487.663687632301,491.299162519976,10.7976174764675,10.7599890290154
2,2023,490.736321495597,494.313391911775,10.7685337619963,10.7328446672737
3,2023,491.39427557259,494.920593217145,10.5538393191965,10.5236275967929
4,2023,493.30172488601,496.818568634676,10.4521387506108,10.4208445736142
1,2024,497.044307445209,500.631372220907,10.3254750715468,10.2903663054843
2,2024,500.333359439153,503.874060673076,10.3190134949177,10.2861763865556
3,2024,498.654618856694,502.131350863245,9.94506141208133,9.91763343014536
4,2024,500.679119288404,504.147084271921,9.86411361056003,9.83530426476839
